[
  {
    "id": "trading-systems",
    "type": "frontend",
    "name": "Trading Systems",
    "description": "FIX/OMS platforms",
    "technology": "Trading Engines",
    "position": { "x": 100, "y": 150 },
    "connections": ["message-gateway"]
  },
  {
    "id": "counterparties",
    "type": "frontend",
    "name": "Counterparties",
    "description": "Banks & CCPs",
    "technology": "SWIFT/ISO 20022",
    "position": { "x": 100, "y": 350 },
    "connections": ["message-gateway"]
  },
  {
    "id": "message-gateway",
    "type": "api",
    "name": "Message Gateway",
    "description": "FIX/SWIFT processing",
    "technology": "API Gateway",
    "position": { "x": 400, "y": 250 },
    "connections": ["trade-capture", "settlement-engine"]
  },
  {
    "id": "trade-capture",
    "type": "backend",
    "name": "Trade Capture",
    "description": "Trade booking & validation",
    "technology": "Lambda Functions",
    "position": { "x": 700, "y": 150 },
    "connections": ["position-keeper", "trade-store"]
  },
  {
    "id": "settlement-engine",
    "type": "backend",
    "name": "Settlement Engine",
    "description": "Netting & settlement processing",
    "technology": "Lambda + SQS",
    "position": { "x": 700, "y": 350 },
    "connections": ["payment-rails", "trade-store"]
  },
  {
    "id": "position-keeper",
    "type": "backend",
    "name": "Position Keeper",
    "description": "Real-time position tracking",
    "technology": "DynamoDB",
    "position": { "x": 1000, "y": 150 },
    "connections": ["risk-monitor"]
  },
  {
    "id": "payment-rails",
    "type": "backend",
    "name": "Payment Rails",
    "description": "RTGS/TARGET2 connectivity",
    "technology": "Lambda + External APIs",
    "position": { "x": 1000, "y": 350 },
    "connections": []
  },
  {
    "id": "emir-reporter",
    "type": "backend",
    "name": "EMIR Reporter",
    "description": "Trade repository reporting",
    "technology": "Scheduled Lambda",
    "position": { "x": 700, "y": 500 },
    "connections": ["regulatory-gateway", "trade-store"]
  },
  {
    "id": "regulatory-gateway",
    "type": "api",
    "name": "Regulatory Gateway",
    "description": "ESMA/FCA submission",
    "technology": "External API Gateway",
    "position": { "x": 1000, "y": 500 },
    "connections": []
  },
  {
    "id": "trade-store",
    "type": "database",
    "name": "Trade Repository",
    "description": "All trade & settlement data",
    "technology": "RDS PostgreSQL",
    "position": { "x": 400, "y": 600 },
    "connections": []
  },
  {
    "id": "reference-data",
    "type": "database",
    "name": "Reference Data",
    "description": "Counterparty & instrument master",
    "technology": "DynamoDB",
    "position": { "x": 700, "y": 600 },
    "connections": []
  },
  {
    "id": "risk-monitor",
    "type": "backend",
    "name": "Risk Monitor",
    "description": "Real-time risk calculations",
    "technology": "Kinesis + CloudWatch",
    "position": { "x": 1300, "y": 250 },
    "connections": ["alerts"]
  },
  {
    "id": "alerts",
    "type": "queue",
    "name": "Alert System",
    "description": "Operational & risk alerts",
    "technology": "SNS + Email",
    "position": { "x": 1300, "y": 400 },
    "connections": []
  }
]