[
  {
    "id": 1,
    "name": "Global Clearing and Settlement Platform",
    "description": "Enterprise-grade centralized platform for managing cross-border clearing and settlement operations for derivative and equity trades across multiple jurisdictions including US, EU, and APAC markets with real-time risk management and regulatory compliance.",
    "status": "in_review",
    "type": "Financial Services Platform",
    "startDate": "2025-06-12",
    "teamSize": 12,
    "ownerId": 1,
    "approvalStatus": "pending",
    "createdAt": "2025-06-12T16:00:00.000Z",
    "approvedById": null,
    "approvedAt": null
  },
  {
    "name": "EMIR Trade Reporting Platform",
    "description": "Next-generation EMIR reporting system for derivative transaction reporting to European trade repositories with real-time validation, multi-TR connectivity, and comprehensive regulatory compliance capabilities.",
    "status": "draft",
    "type": "web-application",
    "startDate": "2025-06-13",
    "teamSize": 8,
    "ownerId": 1,
    "approvalStatus": "draft",
    "createdAt": "2025-06-13T05:24:24.761Z",
    "id": 4,
    "approvedById": null,
    "approvedAt": null
  },
  {
    "name": "QuantumLeap Regulatory Analytics",
    "description": "QuantumLeap is an AI-powered regulatory analytics platform that revolutionizes MiFID II compliance and unlocks exponential business value through real-time data insights. It empowers financial institutions with a sustainable competitive edge by automating regulatory reporting, streamlining trade surveillance, and harnessing predictive analytics to drive strategic decision-making. Leveraging distributed ledger technology and quantum-resistant cryptography, QuantumLeap pioneers a new paradigm of transparent, secure, and future-proof regulatory intelligence that disrupts the status quo.",
    "status": "draft",
    "type": "web-application",
    "startDate": "2025-06-13",
    "teamSize": 5,
    "ownerId": 1,
    "approvalStatus": "draft",
    "createdAt": "2025-06-13T05:27:22.804Z",
    "id": 6,
    "approvedById": null,
    "approvedAt": null
  }
]