[
  {
    "id": 1,
    "projectId": 1,
    "ucId": "GCP-F-001",
    "title": "Trade Capture and Validation",
    "description": "The system shall capture trade details from multiple sources including FIX messages, API feeds, and manual entry interfaces. Trade validation includes real-time checks for counterparty limits, instrument validity, settlement currency support, and regulatory compliance. The system validates trade economics including price reasonableness checks, notional amount limits, and maturity date constraints. Upon successful validation, trades are assigned unique trade identifiers (UTI) compliant with regulatory standards and stored in the central trade repository with full audit trails.",
    "type": "functional",
    "priority": "Critical",
    "status": "draft",
    "actor": "Trade Operations",
    "category": "Trade Processing",
    "updatedAt": "2025-06-12T16:00:00.000Z"
  },
  {
    "id": 2,
    "projectId": 1,
    "ucId": "GCP-F-002",
    "title": "Multi-Currency Settlement Processing",
    "description": "The system shall process settlements across multiple currencies including USD, EUR, GBP, JPY, CHF, and other major trading currencies. Settlement processing includes currency conversion at market rates, nostro account management, and coordination with correspondent banks. The system calculates settlement amounts, applies applicable fees, and generates payment instructions in SWIFT MT format. Real-time liquidity monitoring ensures sufficient funds availability and triggers funding requirements when necessary.",
    "type": "functional",
    "priority": "Critical",
    "status": "draft",
    "actor": "Settlement Operations",
    "category": "Settlement",
    "updatedAt": "2025-06-12T16:00:00.000Z"
  },
  {
    "id": 3,
    "projectId": 1,
    "ucId": "GCP-F-003",
    "title": "Margin Calculation and Management",
    "description": "The system shall calculate initial and variation margin requirements using standardized methodologies including SIMM (Standard Initial Margin Model) and proprietary risk models. Margin calculations consider portfolio netting effects, cross-currency exposures, and regulatory capital requirements. The system supports multiple margin calculation methodologies and provides real-time margin call generation when exposures exceed predefined thresholds.",
    "type": "functional",
    "priority": "Critical",
    "status": "draft",
    "actor": "Risk Management",
    "category": "Risk Management",
    "updatedAt": "2025-06-12T16:00:00.000Z"
  },
  {
    "id": 4,
    "projectId": 1,
    "ucId": "GCP-F-004",
    "title": "Regulatory Reporting and Compliance",
    "description": "The system shall generate regulatory reports for multiple jurisdictions including EMIR (EU), Dodd-Frank (US), and local regulatory requirements in APAC markets. Automated report generation includes trade reporting to trade repositories, position reporting to regulators, and risk metric calculations for Basel III compliance. The system maintains complete audit trails for all transactions and provides regulatory inquiry response capabilities.",
    "type": "functional",
    "priority": "High",
    "status": "draft",
    "actor": "Compliance Officer",
    "category": "Regulatory",
    "updatedAt": "2025-06-12T16:00:00.000Z"
  },
  {
    "id": 5,
    "projectId": 1,
    "ucId": "GCP-F-005",
    "title": "Cross-Border Settlement Coordination",
    "description": "The system shall coordinate settlement activities across multiple time zones and jurisdictions, managing cut-off times for different markets and payment systems. Integration with major clearing systems including Euroclear, Clearstream, DTC, and local CSDs enables seamless cross-border settlement. The system handles corporate actions processing, dividend distributions, and interest payments for cross-border positions.",
    "type": "functional",
    "priority": "High",
    "status": "draft",
    "actor": "Settlement Operations",
    "category": "Cross-Border",
    "updatedAt": "2025-06-12T16:00:00.000Z"
  },
  {
    "id": 6,
    "projectId": 1,
    "ucId": "GCP-F-006",
    "title": "Real-Time Risk Monitoring",
    "description": "The system shall provide real-time monitoring of counterparty credit exposure, market risk, and operational risk across all trading activities. Risk dashboards display current exposures, limit utilization, and risk metrics including Value-at-Risk (VaR), Expected Shortfall, and scenario analysis results. Automated risk alerts trigger when exposures exceed predefined thresholds or when market conditions indicate elevated risk levels.",
    "type": "functional",
    "priority": "Critical",
    "status": "draft",
    "actor": "Risk Manager",
    "category": "Risk Management",
    "updatedAt": "2025-06-12T16:00:00.000Z"
  },
  {
    "id": 7,
    "projectId": 1,
    "ucId": "GCP-NF-001",
    "title": "High-Frequency Performance Requirements",
    "description": "The system must achieve sub-millisecond response times for trade capture and validation processes to support high-frequency trading operations. Database operations must complete within 100 microseconds for simple queries and under 1 millisecond for complex risk calculations. The platform must sustain processing rates of 100,000 trades per second during peak market hours without performance degradation.",
    "type": "non-functional",
    "priority": "Critical",
    "status": "draft",
    "actor": null,
    "category": "Performance",
    "updatedAt": "2025-06-12T16:00:00.000Z"
  },
  {
    "id": 8,
    "projectId": 1,
    "ucId": "GCP-NF-002",
    "title": "Enterprise Security and Compliance",
    "description": "The system must implement bank-grade security controls including end-to-end encryption using AES-256 for data at rest and TLS 1.3 for data in transit. Multi-factor authentication is mandatory for all system access with biometric authentication for high-privilege operations. The platform must achieve SOC 2 Type II compliance and maintain ISO 27001 certification. All access attempts, data modifications, and system operations must be logged in immutable audit trails.",
    "type": "non-functional",
    "priority": "Critical",
    "status": "draft",
    "actor": null,
    "category": "Security",
    "updatedAt": "2025-06-12T16:00:00.000Z"
  },
  {
    "id": 9,
    "projectId": 1,
    "ucId": "GCP-NF-003",
    "title": "Scalability and Availability Requirements",
    "description": "The system must maintain 99.99% availability during trading hours with automatic failover capabilities achieving Recovery Time Objective (RTO) of under 30 seconds and Recovery Point Objective (RPO) of zero data loss. Horizontal scaling must support 10x traffic increases during market volatility without manual intervention. The platform must operate across multiple data centers with active-active configuration.",
    "type": "non-functional",
    "priority": "Critical",
    "status": "draft",
    "actor": null,
    "category": "Availability",
    "updatedAt": "2025-06-12T16:00:00.000Z"
  },
  {
    "id": 10,
    "projectId": 1,
    "ucId": "GCP-NF-004",
    "title": "Data Integrity and Consistency",
    "description": "The system must ensure ACID compliance for all financial transactions with atomic processing of trade lifecycle events. Data consistency checks include real-time reconciliation between internal systems and external market infrastructure. All financial calculations must achieve precision to 8 decimal places with deterministic rounding methodologies. Automated data quality monitoring detects and alerts on data anomalies, missing records, or calculation discrepancies.",
    "type": "non-functional",
    "priority": "High",
    "status": "draft",
    "actor": null,
    "category": "Data Quality",
    "updatedAt": "2025-06-12T16:00:00.000Z"
  },
  {
    "id": 11,
    "projectId": 1,
    "ucId": "GCP-NF-005",
    "title": "Regulatory Compliance and Auditability",
    "description": "The system must maintain comprehensive audit trails for all operations with immutable logging using blockchain-based verification. Data retention policies ensure 7-year storage for regulatory compliance with automated archival and retrieval capabilities. The platform must support regulatory examinations with rapid data extraction and reporting capabilities. Compliance monitoring includes real-time surveillance for market manipulation and suspicious activity reporting.",
    "type": "non-functional",
    "priority": "High",
    "status": "draft",
    "actor": null,
    "category": "Compliance",
    "updatedAt": "2025-06-12T16:00:00.000Z"
  },
  {
    "projectId": 4,
    "ucId": "UC-F-001",
    "title": "Trade Transaction Reporting & Lifecycle Management",
    "description": "Comprehensive trade reporting system that captures and processes derivative transaction data throughout the complete trade lifecycle. The system must support initial trade capture, modifications, cancellations, and error corrections in compliance with EMIR technical standards.\n\n**Key Features:**\n• Real-time trade capture from multiple trading platforms (electronic and voice)\n• Automated data validation against ESMA technical standards and validation rules\n• Trade enrichment with counterparty, product, and market data\n• Lifecycle event processing (novation, compression, early termination)\n• Delta reporting for trade modifications with full audit trail\n• Integration with trading systems, trade capture platforms, and downstream systems\n\n**Acceptance Criteria:**\n• Process 500,000+ trade records daily with <2 second latency\n• 99.9% data accuracy with automated validation checks\n• Real-time regulatory reporting within T+1 requirements\n• Complete audit trail for all trade lifecycle events\n• Support for 50+ derivative product types across asset classes\n\n**Regulatory Compliance:**\n• EMIR Article 9 reporting obligations\n• ESMA technical standards (RTS 2017/104, ITS 2017/105)\n• LEI validation and counterparty identification\n• UPI (Unique Product Identifier) classification",
    "type": "functional",
    "priority": "Critical",
    "status": "draft",
    "updatedAt": "2025-06-13T05:24:24.763Z",
    "id": 7,
    "actor": null,
    "category": null
  },
  {
    "projectId": 4,
    "ucId": "UC-F-002",
    "title": "Multi-Trade Repository Connectivity & Routing Engine",
    "description": "Sophisticated routing engine that manages connectivity to multiple authorized Trade Repositories (TRs) and ensures optimal routing based on regulatory requirements, counterparty agreements, and operational efficiency.\n\n**Key Features:**\n• Dynamic routing logic based on asset class, counterparty jurisdiction, and TR availability\n• Real-time TR status monitoring and failover capabilities\n• Dual-sided reporting coordination and reconciliation\n• Message transformation and protocol adaptation (FpML, ISO 20022, proprietary formats)\n• Rate limiting and throttling to respect TR submission limits\n• Automated retry mechanisms with exponential backoff\n\n**Integration Points:**\n• DTCC Global Trade Repository (GTR)\n• UnaVista by LSEG\n• REGIS-TR by Clearstream\n• CME Trade Repository\n• ICE Trade Vault\n\n**Performance Requirements:**\n• Support concurrent connections to 8+ Trade Repositories\n• Message throughput of 10,000 reports per minute\n• 99.95% successful submission rate\n• Real-time status updates and acknowledgment processing\n• Automated reconciliation of TR responses and confirmations",
    "type": "functional",
    "priority": "Critical",
    "status": "draft",
    "updatedAt": "2025-06-13T05:24:24.763Z",
    "id": 8,
    "actor": null,
    "category": null
  },
  {
    "projectId": 4,
    "ucId": "UC-F-003",
    "title": "Real-Time Validation Engine & Data Quality Assurance",
    "description": "Enterprise-grade validation engine that performs comprehensive data quality checks, business rule validation, and regulatory compliance verification in real-time before trade submission to Trade Repositories.\n\n**Validation Framework:**\n• Pre-submission validation against ESMA technical standards\n• Business rule validation for trade economics and market conventions\n• Counterparty validation including LEI verification and sanctions screening\n• Product classification and UPI validation\n• Cross-field dependency validation and consistency checks\n• Historical data validation for amendments and corrections\n\n**Data Quality Measures:**\n• Automated data enrichment from reference data sources\n• Missing data identification and intelligent defaulting\n• Outlier detection using statistical models and machine learning\n• Data lineage tracking and impact analysis\n• Comprehensive error categorization and resolution workflows\n\n**Regulatory Standards:**\n• ESMA validation rules as per Commission Delegated Regulation (EU) 2017/104\n• MiFID II transaction reporting validation\n• SFTR securities financing validation rules\n• Basel III regulatory capital calculations support",
    "type": "functional",
    "priority": "High",
    "status": "draft",
    "updatedAt": "2025-06-13T05:24:24.764Z",
    "id": 9,
    "actor": null,
    "category": null
  },
  {
    "projectId": 4,
    "ucId": "UC-F-004",
    "title": "Exception Management & Reconciliation Framework",
    "description": "Comprehensive exception management system that identifies, categorizes, and manages reporting exceptions, trade breaks, and reconciliation discrepancies with automated resolution capabilities and escalation workflows.\n\n**Exception Categories:**\n• Validation failures and data quality issues\n• TR submission failures and technical errors\n• Counterparty reporting discrepancies and dual-sided breaks\n• Late reporting and missed deadlines\n• Regulatory inquiry responses and ad-hoc reporting requests\n\n**Resolution Capabilities:**\n• Automated resubmission for technical failures\n• Intelligent error correction using reference data\n• Workflow-based manual exception handling\n• Escalation rules based on error severity and aging\n• SLA monitoring and performance analytics\n\n**Operational Excellence:**\n• Real-time dashboard for exception monitoring\n• Automated alerting and notification system\n• Integration with ticketing systems and workflow tools\n• Comprehensive reporting for operational and regulatory purposes\n• Machine learning-based pattern recognition for proactive issue identification",
    "type": "functional",
    "priority": "High",
    "status": "draft",
    "updatedAt": "2025-06-13T05:24:24.767Z",
    "id": 10,
    "actor": null,
    "category": null
  },
  {
    "projectId": 4,
    "ucId": "UC-NF-001",
    "title": "Performance Engineering & Scalability Architecture",
    "description": "Enterprise-grade performance architecture designed to handle high-volume derivative trade reporting with guaranteed throughput and latency requirements for regulatory compliance.\n\n**Performance Targets:**\n• Processing capacity: 1,000,000+ trades per day during peak periods\n• Real-time processing latency: <500ms for trade validation and enrichment\n• TR submission latency: <2 seconds from trade capture to regulatory submission\n• Concurrent user support: 500+ simultaneous users across global offices\n• Database query performance: <100ms for standard reporting queries\n\n**Scalability Design:**\n• Horizontal scaling with microservices architecture\n• Auto-scaling capabilities based on trade volume and processing demand\n• Load balancing across multiple processing nodes\n• Distributed processing for batch reconciliation and reporting\n• Cloud-native architecture with containerization (Kubernetes)\n\n**Infrastructure Requirements:**\n• Multi-region deployment with active-active disaster recovery\n• CDN integration for global performance optimization\n• Caching layers (Redis/Hazelcast) for reference data and validation rules\n• Message queuing (Apache Kafka) for reliable event processing\n• Database sharding and read replicas for optimal performance",
    "type": "non-functional",
    "priority": "Critical",
    "status": "draft",
    "updatedAt": "2025-06-13T05:24:24.769Z",
    "id": 11,
    "actor": null,
    "category": null
  },
  {
    "projectId": 4,
    "ucId": "UC-NF-002",
    "title": "Security Architecture & Cyber Resilience Framework",
    "description": "Comprehensive cybersecurity framework implementing defense-in-depth principles, zero-trust architecture, and advanced threat protection for sensitive financial data and regulatory reporting systems.\n\n**Security Controls:**\n• Multi-factor authentication with biometric integration\n• Role-based access control (RBAC) with fine-grained permissions\n• End-to-end encryption for data in transit and at rest (AES-256)\n• API security with OAuth 2.0, JWT tokens, and rate limiting\n• Database encryption with transparent data encryption (TDE)\n• Secure key management with hardware security modules (HSM)\n\n**Threat Protection:**\n• Real-time threat detection and behavioral analytics\n• Advanced persistent threat (APT) monitoring\n• Data loss prevention (DLP) with content inspection\n• Network segmentation and micro-segmentation\n• Intrusion detection and prevention systems (IDS/IPS)\n• Security incident response automation\n\n**Compliance Standards:**\n• ISO 27001 information security management\n• PCI DSS for payment card data protection\n• SOC 2 Type II attestation for service organizations\n• NIST Cybersecurity Framework implementation\n• GDPR privacy by design principles",
    "type": "non-functional",
    "priority": "Critical",
    "status": "draft",
    "updatedAt": "2025-06-13T05:24:24.771Z",
    "id": 12,
    "actor": null,
    "category": null
  },
  {
    "projectId": 4,
    "ucId": "UC-NF-003",
    "title": "Regulatory Compliance & Governance Excellence",
    "description": "Comprehensive regulatory compliance framework ensuring adherence to EMIR, MiFID II, GDPR, and other applicable regulations with automated monitoring, reporting, and audit capabilities.\n\n**Regulatory Coverage:**\n• EMIR (European Market Infrastructure Regulation) complete compliance\n• MiFID II transaction reporting and trade transparency\n• GDPR data protection and privacy requirements\n• Basel III regulatory capital and liquidity requirements\n• BCBS 239 risk data aggregation and reporting principles\n• Local jurisdiction requirements (FCA, BaFin, ESMA guidelines)\n\n**Compliance Capabilities:**\n• Automated regulatory rule engine with configurable business rules\n• Real-time compliance monitoring and exception alerting\n• Regulatory reporting generation and submission automation\n• Audit trail maintenance with immutable logging\n• Data retention policies aligned with regulatory requirements\n• Cross-border data transfer compliance mechanisms\n\n**Governance Framework:**\n• Data governance with stewardship and lineage tracking\n• Change management with regulatory impact assessment\n• Vendor risk management and third-party oversight\n• Business continuity planning with regulatory notification procedures\n• Regular compliance testing and validation procedures",
    "type": "non-functional",
    "priority": "Critical",
    "status": "draft",
    "updatedAt": "2025-06-13T05:24:24.783Z",
    "id": 13,
    "actor": null,
    "category": null
  },
  {
    "projectId": 6,
    "ucId": "UC-F-001",
    "title": "Real-time Transaction Reporting",
    "description": "Real-time Transaction Reporting - Actor Personas: - Trader: Executes buy/sell orders across asset classes in fast-paced trading environments. - Compliance Officer: Ensures adherence to regulatory mandates and monitors for potential violations. - Regulatory Authority: Governmental agency overseeing financial markets and enforcing transparency. - Business Context: Adhering to MiFID II's stringent transaction reporting requirements within tight deadlines is a persistent challenge, often resulting in operational inefficiencies, regulatory penalties, and reputational damage. - Pre-conditions: Trading systems are integrated with QuantumLeap, and historical trade data has been ingested. - Trigger: A new trade is executed by the Trader. - Main Flow: 1. Trade details are captured in real-time from the trading system. 2. QuantumLeap's AI engine enriches the data, applying validation rules and detecting anomalies. 3. Transaction reports are automatically generated in the required format. 4. Reports are cryptographically signed and immutably logged on the distributed ledger. 5. Compliance Officer reviews flagged anomalies and approves the submission. 6. Approved reports are securely transmitted to the Regulatory Authority within mandated timeframes. - Alternative Flows: - If data anomalies are detected, the Compliance Officer is notified for manual review and resolution. - If a trade is later amended or canceled, the original report is updated and re-submitted. - Success Criteria: 100% of transactions are reported accurately and within regulatory deadlines, eliminating penalties and operational overhead. - Compliance Mapping: MiFID II Transaction Reporting (RTS 22), EMIR Trade Reporting - Integration Points: Trading systems, market data feeds, regulatory gateways - Risk Mitigation: Data validation rules, anomaly detection models, failover mechanisms, audit trails - Innovation: AI-driven data enrichment, blockchain-based immutability, predictive analytics for proactive complia",
    "type": "functional",
    "priority": "Medium",
    "status": "draft",
    "updatedAt": "2025-06-13T05:27:22.806Z",
    "id": 29,
    "actor": null,
    "category": null
  },
  {
    "projectId": 6,
    "ucId": "UC-F-002",
    "title": "Real-time Transaction Reporting",
    "description": "Real-time Transaction Reporting - Actor Personas: - Trader: Executes buy/sell orders across asset classes in fast-paced trading environments. - Compliance Officer: Ensures adherence to regulatory mandates and monitors for potential violations. - Regulatory Authority: Governmental agency overseeing financial markets and enforcing transparency. - Business Context: Adhering to MiFID II's stringent transaction reporting requirements within tight deadlines is a persistent challenge, often resulting in operational inefficiencies, regulatory penalties, and reputational damage. - Pre-conditions: Trading systems are integrated with QuantumLeap, and historical trade data has been ingested. - Trigger: A new trade is executed by the Trader. - Main Flow: 1. Trade details are captured in real-time from the trading system. 2. QuantumLeap's AI engine enriches the data, applying validation rules and detecting anomalies. 3. Transaction reports are automatically generated in the required format. 4. Reports are cryptographically signed and immutably logged on the distributed ledger. 5. Compliance Officer reviews flagged anomalies and approves the submission. 6. Approved reports are securely transmitted to the Regulatory Authority within mandated timeframes. - Alternative Flows: - If data anomalies are detected, the Compliance Officer is notified for manual review and resolution. - If a trade is later amended or canceled, the original report is updated and re-submitted. - Success Criteria: 100% of transactions are reported accurately and within regulatory deadlines, eliminating penalties and operational overhead. - Compliance Mapping: MiFID II Transaction Reporting (RTS 22), EMIR Trade Reporting - Integration Points: Trading systems, market data feeds, regulatory gateways - Risk Mitigation: Data validation rules, anomaly detection models, failover mechanisms, audit trails - Innovation: AI-driven data enrichment, blockchain-based immutability, predictive analytics for proactive complia",
    "type": "functional",
    "priority": "Medium",
    "status": "draft",
    "updatedAt": "2025-06-13T05:27:22.807Z",
    "id": 30,
    "actor": null,
    "category": null
  },
  {
    "projectId": 6,
    "ucId": "UC-NF-001",
    "title": "Performance Engineering Excellence",
    "description": "Performance Engineering Excellence - Response times: <50ms for real-time trade capture, <100ms for complex queries - Throughput: 25,000+ transactions per second peak capacity - Concurrent users: 100,000+ simultaneous traders and compliance officers - Stringent latency targets with nanosecond precision for time-critical transactions",
    "type": "non-functional",
    "priority": "Medium",
    "status": "draft",
    "updatedAt": "2025-06-13T05:27:22.818Z",
    "id": 31,
    "actor": null,
    "category": null
  },
  {
    "projectId": 6,
    "ucId": "UC-NF-002",
    "title": "Security Architecture & Cyber Resilience",
    "description": "Security Architecture & Cyber Resilience - Zero-trust security model with micro-segmentation and least-privilege access - Biometric multi-factor authentication for all critical systems - Quantum-resistant encryption with forward-secrecy for data in transit and at rest - Advanced threat detection with machine learning models and deception techniques",
    "type": "non-functional",
    "priority": "Medium",
    "status": "draft",
    "updatedAt": "2025-06-13T05:27:22.822Z",
    "id": 32,
    "actor": null,
    "category": null
  },
  {
    "projectId": 6,
    "ucId": "UC-NF-003",
    "title": "Scalability & Cloud-Native Architecture",
    "description": "Scalability & Cloud-Native Architecture - Serverless, event-driven architecture with fully automated scaling - Active-active deployment across multiple regions for resilience - RPO <5 minutes, RTO <15 minutes via multi-region failover - Containerized microservices with service mesh for traffic management",
    "type": "non-functional",
    "priority": "Medium",
    "status": "draft",
    "updatedAt": "2025-06-13T05:27:22.825Z",
    "id": 33,
    "actor": null,
    "category": null
  },
  {
    "projectId": 6,
    "ucId": "UC-NF-004",
    "title": "Regulatory Compliance & Governance",
    "description": "Regulatory Compliance & Governance - Continuous real-time monitoring and reporting for MiFID II, EMIR, GDPR, etc. - Immutable audit logs on permissioned blockchain for non-repudiation - Data residency and privacy controls for cross-border compliance - Privacy-enhancing technologies for data anonymization and GDPR compliance",
    "type": "non-functional",
    "priority": "Medium",
    "status": "draft",
    "updatedAt": "2025-06-13T05:27:22.826Z",
    "id": 34,
    "actor": null,
    "category": null
  },
  {
    "projectId": 6,
    "ucId": "UC-NF-005",
    "title": "Operational Excellence & DevOps",
    "description": "Operational Excellence & DevOps - 99.999% uptime SLA with self-healing infrastructure and chaos engineering - Automated CI/CD pipelines with canary deployments and A/B testing - End-to-end observability with distributed tracing and ML-powered anomaly detection - Game Day scenarios and full resilience testing in production environments",
    "type": "non-functional",
    "priority": "Medium",
    "status": "draft",
    "updatedAt": "2025-06-13T05:27:22.827Z",
    "id": 35,
    "actor": null,
    "category": null
  },
  {
    "projectId": 6,
    "ucId": "UC-NF-006",
    "title": "Operational Excellence & DevOps",
    "description": "Operational Excellence & DevOps - 99.999% uptime SLA with self-healing infrastructure and chaos engineering - Automated CI/CD pipelines with canary deployments and A/B testing - End-to-end observability with distributed tracing and ML-powered anomaly detection - Game Day scenarios and full resilience testing in production environments",
    "type": "non-functional",
    "priority": "Medium",
    "status": "draft",
    "updatedAt": "2025-06-13T05:27:22.836Z",
    "id": 36,
    "actor": null,
    "category": null
  }
]