[
  {
    "id": 1,
    "username": "johndoe",
    "password": "password123",
    "name": "John Doe",
    "roles": [
      "business-analyst",
      "product-owner",
      "scrum-master",
      "architect",
      "ui-designer",
      "developer",
      "production-management",
      "devops",
      "approver"
    ],
    "currentRole": "product-owner"
  },
  {
    "id": 2,
    "username": "approver",
    "password": "password123",
    "name": "Sarah Wilson",
    "roles": [
      "approver",
      "architect"
    ],
    "currentRole": "approver"
  }
]