[
  {
    "projectId": 1,
    "systemOverview": "Microservices architecture with event-driven communication for high-frequency trading systems",
    "architecturalPrinciples": "Microservices architecture with event-driven design, domain-driven development, CQRS pattern implementation, and comprehensive security layers.",
    "componentDiagram": "Frontend Layer (React SPA) → API Gateway → Authentication Service → Core Business Services → Data Access Layer → Database Cluster → External Integrations",
    "dataFlow": "Client Request → Load Balancer → API Gateway → JWT Validation → Business Logic Processing → Database Operations → Response Aggregation → Client Response",
    "technologyStack": "{\"frontend\":[\"React 18\",\"TypeScript\",\"Tailwind CSS\",\"Redux Toolkit\"],\"backend\":[\"Node.js\",\"Express.js\",\"TypeScript\",\"GraphQL\"],\"database\":[\"PostgreSQL 15\",\"Redis 7\",\"TimescaleDB\"],\"infrastructure\":[\"Docker\",\"Kubernetes\",\"AWS EKS\",\"Terraform\"],\"security\":[\"OAuth 2.0\",\"JWT\",\"HTTPS/TLS 1.3\",\"Rate Limiting\",\"RBAC\"]}",
    "securityArchitecture": "Establish comprehensive testing strategy for regulatory compliance",
    "deploymentStrategy": "Container-based deployment with Kubernetes orchestration and blue-green deployment strategy",
    "scalabilityConsiderations": "Horizontal auto-scaling, event-driven microservices, distributed caching, database sharding, and CDN integration for global performance.",
    "integrationPoints": "Integration API layer for connecting with upstream and downstream systems",
    "riskAssessment": "Identified risks: service dependencies, data consistency, security vulnerabilities. Mitigation: circuit breakers, distributed tracing, security scanning, and disaster recovery.",
    "status": "draft",
    "createdById": 1,
    "assignedArchitectId": 1,
    "id": 1,
    "updatedAt": "2025-06-24T11:50:04.467Z"
  }
]