[
  {
    "projectId": 1,
    "name": "Frontend Development",
    "description": "User interface and user experience implementation covering all functional requirements",
    "status": "planning",
    "assignedTo": null,
    "assignedBy": null,
    "jiraProjectKey": "SDLC1",
    "jiraEpicKey": "SDLC1-2",
    "createdAt": "2025-06-19T16:44:28.129Z",
    "updatedAt": "2025-06-19T16:44:28.129Z",
    "id": 1
  },
  {
    "projectId": 1,
    "name": "Backend API Development",
    "description": "REST API implementation, database design, and business logic for all system functionality",
    "status": "planning",
    "assignedTo": null,
    "assignedBy": null,
    "jiraProjectKey": "SDLC1",
    "jiraEpicKey": "SDLC1-9",
    "createdAt": "2025-06-19T16:44:29.618Z",
    "updatedAt": "2025-06-19T16:44:29.618Z",
    "id": 2
  },
  {
    "projectId": 1,
    "name": "Infrastructure & Security",
    "description": "System architecture, security implementation, performance optimization, and deployment automation",
    "status": "planning",
    "assignedTo": null,
    "assignedBy": null,
    "jiraProjectKey": "SDLC1",
    "jiraEpicKey": "SDLC1-13",
    "createdAt": "2025-06-19T16:44:30.388Z",
    "updatedAt": "2025-06-19T16:44:30.388Z",
    "id": 3
  },
  {
    "projectId": 1,
    "name": "Frontend Development",
    "description": "User interface and user experience implementation covering all functional requirements",
    "status": "planning",
    "assignedTo": null,
    "assignedBy": null,
    "jiraProjectKey": "SDLC17",
    "jiraEpicKey": "SDLC17-19",
    "createdAt": "2025-06-19T16:44:31.112Z",
    "updatedAt": "2025-06-19T16:44:31.112Z",
    "id": 4
  },
  {
    "projectId": 1,
    "name": "Backend API Development",
    "description": "REST API implementation, database design, and business logic for all system functionality",
    "status": "planning",
    "assignedTo": null,
    "assignedBy": null,
    "jiraProjectKey": "SDLC17",
    "jiraEpicKey": "SDLC17-26",
    "createdAt": "2025-06-19T16:44:32.661Z",
    "updatedAt": "2025-06-19T16:44:32.661Z",
    "id": 5
  },
  {
    "projectId": 1,
    "name": "Infrastructure & Security",
    "description": "System architecture, security implementation, performance optimization, and deployment automation",
    "status": "planning",
    "assignedTo": null,
    "assignedBy": null,
    "jiraProjectKey": "SDLC17",
    "jiraEpicKey": "SDLC17-30",
    "createdAt": "2025-06-19T16:44:33.523Z",
    "updatedAt": "2025-06-19T16:44:33.523Z",
    "id": 6
  },
  {
    "projectId": 1,
    "name": "Frontend Development",
    "description": "User interface and user experience implementation covering all functional requirements",
    "status": "planning",
    "assignedTo": null,
    "assignedBy": null,
    "jiraProjectKey": "SDLC1",
    "jiraEpicKey": "SDLC1-2",
    "createdAt": "2025-06-23T11:58:44.363Z",
    "updatedAt": "2025-06-23T11:58:44.363Z",
    "id": 1
  },
  {
    "projectId": 1,
    "name": "Backend API Development",
    "description": "REST API implementation, database design, and business logic for all system functionality",
    "status": "planning",
    "assignedTo": null,
    "assignedBy": null,
    "jiraProjectKey": "SDLC1",
    "jiraEpicKey": "SDLC1-9",
    "createdAt": "2025-06-23T11:58:45.595Z",
    "updatedAt": "2025-06-23T11:58:45.595Z",
    "id": 2
  },
  {
    "projectId": 1,
    "name": "Infrastructure & Security",
    "description": "System architecture, security implementation, performance optimization, and deployment automation",
    "status": "planning",
    "assignedTo": null,
    "assignedBy": null,
    "jiraProjectKey": "SDLC1",
    "jiraEpicKey": "SDLC1-13",
    "createdAt": "2025-06-23T11:58:46.308Z",
    "updatedAt": "2025-06-23T11:58:46.308Z",
    "id": 3
  }
]
