[
  {
    "id": 1,
    "name": "Global Clearing and Settlement Platform",
    "description": "Enterprise-grade centralized platform for managing cross-border clearing and settlement operations for derivative and equity trades across multiple jurisdictions including US, EU, and APAC markets with real-time risk management and regulatory compliance.",
    "status": "Approved for Development",
    "type": "Financial Services Platform",
    "startDate": "2025-06-12",
    "teamSize": 12,
    "ownerId": 1,
    "approvalStatus": "approved",
    "createdAt": "2025-06-12T16:00:00.000Z",
    "approvedById": null,
    "approvedAt": "2025-06-23T11:58:44.224Z",
    "sealApplicationId": "34678",
    "sealApplicationName": "Regulatory Reporting Workbench",
    "managedByScrumMasterId": null
  },
  {
    "name": "Reconciliation Management System",
    "description": "Enterprise reconciliation platform with configurable matching rules, break management, automated resolution workflows, and multi-source data integration capabilities.",
    "type": "Financial Services Platform",
    "status": "Pending Review",
    "startDate": "2025-06-24",
    "teamSize": 8,
    "createdAt": "2025-06-24T14:39:38.888Z",
    "ownerId": 1,
    "approvalStatus": "pending",
    "approvedById": null,
    "approvedAt": null,
    "sealApplicationId": null,
    "managedByScrumMasterId": null,
    "id": 4,
    "submittedAt": "2025-06-24T14:39:50.240Z"
  }
]