[
  {
    "id": 1,
    "name": "Global Clearing and Settlement Platform",
    "description": "Enterprise-grade centralized platform for managing cross-border clearing and settlement operations for derivative and equity trades across multiple jurisdictions including US, EU, and APAC markets with real-time risk management and regulatory compliance.",
    "status": "draft",
    "type": "Financial Services Platform",
    "startDate": "2025-06-12",
    "teamSize": 12,
    "ownerId": 1,
    "approvalStatus": "pending",
    "createdAt": "2025-06-12T16:00:00.000Z",
    "approvedById": null,
    "approvedAt": null
  }
]