[
  {
    "id": 1,
    "projectId": 1,
    "ucId": "GCP-F-001",
    "title": "Trade Capture and Validation",
    "description": "The system shall capture trade details from multiple sources including FIX messages, API feeds, and manual entry interfaces. Trade validation includes real-time checks for counterparty limits, instrument validity, settlement currency support, and regulatory compliance. The system validates trade economics including price reasonableness checks, notional amount limits, and maturity date constraints. Upon successful validation, trades are assigned unique trade identifiers (UTI) compliant with regulatory standards and stored in the central trade repository with full audit trails.",
    "type": "functional",
    "priority": "Critical",
    "status": "draft",
    "actor": "Trade Operations",
    "category": "Trade Processing",
    "updatedAt": "2025-06-12T16:00:00.000Z"
  },
  {
    "id": 2,
    "projectId": 1,
    "ucId": "GCP-F-002",
    "title": "Multi-Currency Settlement Processing",
    "description": "The system shall process settlements across multiple currencies including USD, EUR, GBP, JPY, CHF, and other major trading currencies. Settlement processing includes currency conversion at market rates, nostro account management, and coordination with correspondent banks. The system calculates settlement amounts, applies applicable fees, and generates payment instructions in SWIFT MT format. Real-time liquidity monitoring ensures sufficient funds availability and triggers funding requirements when necessary.",
    "type": "functional",
    "priority": "Critical",
    "status": "draft",
    "actor": "Settlement Operations",
    "category": "Settlement",
    "updatedAt": "2025-06-12T16:00:00.000Z"
  },
  {
    "id": 3,
    "projectId": 1,
    "ucId": "GCP-F-003",
    "title": "Margin Calculation and Management",
    "description": "The system shall calculate initial and variation margin requirements using standardized methodologies including SIMM (Standard Initial Margin Model) and proprietary risk models. Margin calculations consider portfolio netting effects, cross-currency exposures, and regulatory capital requirements. The system supports multiple margin calculation methodologies and provides real-time margin call generation when exposures exceed predefined thresholds.",
    "type": "functional",
    "priority": "Critical",
    "status": "draft",
    "actor": "Risk Management",
    "category": "Risk Management",
    "updatedAt": "2025-06-12T16:00:00.000Z"
  },
  {
    "id": 4,
    "projectId": 1,
    "ucId": "GCP-F-004",
    "title": "Regulatory Reporting and Compliance",
    "description": "The system shall generate regulatory reports for multiple jurisdictions including EMIR (EU), Dodd-Frank (US), and local regulatory requirements in APAC markets. Automated report generation includes trade reporting to trade repositories, position reporting to regulators, and risk metric calculations for Basel III compliance. The system maintains complete audit trails for all transactions and provides regulatory inquiry response capabilities.",
    "type": "functional",
    "priority": "High",
    "status": "draft",
    "actor": "Compliance Officer",
    "category": "Regulatory",
    "updatedAt": "2025-06-12T16:00:00.000Z"
  },
  {
    "id": 5,
    "projectId": 1,
    "ucId": "GCP-F-005",
    "title": "Cross-Border Settlement Coordination",
    "description": "The system shall coordinate settlement activities across multiple time zones and jurisdictions, managing cut-off times for different markets and payment systems. Integration with major clearing systems including Euroclear, Clearstream, DTC, and local CSDs enables seamless cross-border settlement. The system handles corporate actions processing, dividend distributions, and interest payments for cross-border positions.",
    "type": "functional",
    "priority": "High",
    "status": "draft",
    "actor": "Settlement Operations",
    "category": "Cross-Border",
    "updatedAt": "2025-06-12T16:00:00.000Z"
  },
  {
    "id": 6,
    "projectId": 1,
    "ucId": "GCP-F-006",
    "title": "Real-Time Risk Monitoring",
    "description": "The system shall provide real-time monitoring of counterparty credit exposure, market risk, and operational risk across all trading activities. Risk dashboards display current exposures, limit utilization, and risk metrics including Value-at-Risk (VaR), Expected Shortfall, and scenario analysis results. Automated risk alerts trigger when exposures exceed predefined thresholds or when market conditions indicate elevated risk levels.",
    "type": "functional",
    "priority": "Critical",
    "status": "draft",
    "actor": "Risk Manager",
    "category": "Risk Management",
    "updatedAt": "2025-06-12T16:00:00.000Z"
  },
  {
    "id": 7,
    "projectId": 1,
    "ucId": "GCP-NF-001",
    "title": "High-Frequency Performance Requirements",
    "description": "The system must achieve sub-millisecond response times for trade capture and validation processes to support high-frequency trading operations. Database operations must complete within 100 microseconds for simple queries and under 1 millisecond for complex risk calculations. The platform must sustain processing rates of 100,000 trades per second during peak market hours without performance degradation.",
    "type": "non-functional",
    "priority": "Critical",
    "status": "draft",
    "actor": null,
    "category": "Performance",
    "updatedAt": "2025-06-12T16:00:00.000Z"
  },
  {
    "id": 8,
    "projectId": 1,
    "ucId": "GCP-NF-002",
    "title": "Enterprise Security and Compliance",
    "description": "The system must implement bank-grade security controls including end-to-end encryption using AES-256 for data at rest and TLS 1.3 for data in transit. Multi-factor authentication is mandatory for all system access with biometric authentication for high-privilege operations. The platform must achieve SOC 2 Type II compliance and maintain ISO 27001 certification. All access attempts, data modifications, and system operations must be logged in immutable audit trails.",
    "type": "non-functional",
    "priority": "Critical",
    "status": "draft",
    "actor": null,
    "category": "Security",
    "updatedAt": "2025-06-12T16:00:00.000Z"
  },
  {
    "id": 9,
    "projectId": 1,
    "ucId": "GCP-NF-003",
    "title": "Scalability and Availability Requirements",
    "description": "The system must maintain 99.99% availability during trading hours with automatic failover capabilities achieving Recovery Time Objective (RTO) of under 30 seconds and Recovery Point Objective (RPO) of zero data loss. Horizontal scaling must support 10x traffic increases during market volatility without manual intervention. The platform must operate across multiple data centers with active-active configuration.",
    "type": "non-functional",
    "priority": "Critical",
    "status": "draft",
    "actor": null,
    "category": "Availability",
    "updatedAt": "2025-06-12T16:00:00.000Z"
  },
  {
    "id": 10,
    "projectId": 1,
    "ucId": "GCP-NF-004",
    "title": "Data Integrity and Consistency",
    "description": "The system must ensure ACID compliance for all financial transactions with atomic processing of trade lifecycle events. Data consistency checks include real-time reconciliation between internal systems and external market infrastructure. All financial calculations must achieve precision to 8 decimal places with deterministic rounding methodologies. Automated data quality monitoring detects and alerts on data anomalies, missing records, or calculation discrepancies.",
    "type": "non-functional",
    "priority": "High",
    "status": "draft",
    "actor": null,
    "category": "Data Quality",
    "updatedAt": "2025-06-12T16:00:00.000Z"
  },
  {
    "id": 11,
    "projectId": 1,
    "ucId": "GCP-NF-005",
    "title": "Regulatory Compliance and Auditability",
    "description": "The system must maintain comprehensive audit trails for all operations with immutable logging using blockchain-based verification. Data retention policies ensure 7-year storage for regulatory compliance with automated archival and retrieval capabilities. The platform must support regulatory examinations with rapid data extraction and reporting capabilities. Compliance monitoring includes real-time surveillance for market manipulation and suspicious activity reporting.",
    "type": "non-functional",
    "priority": "High",
    "status": "draft",
    "actor": null,
    "category": "Compliance",
    "updatedAt": "2025-06-12T16:00:00.000Z"
  },
  {
    "projectId": 4,
    "ucId": "UC-F-001",
    "title": "User authentication and authorization with multi-factor authentication support",
    "description": "User authentication and authorization with multi-factor authentication support",
    "type": "functional",
    "priority": "Medium",
    "status": "Draft",
    "updatedAt": "2025-06-24T14:39:38.889Z",
    "id": 7,
    "actor": null,
    "category": null
  },
  {
    "projectId": 4,
    "ucId": "UC-F-002",
    "title": "Real-time data processing and validation engine with sub-second response times",
    "description": "Real-time data processing and validation engine with sub-second response times",
    "type": "functional",
    "priority": "Medium",
    "status": "Draft",
    "updatedAt": "2025-06-24T14:39:38.891Z",
    "id": 8,
    "actor": null,
    "category": null
  },
  {
    "projectId": 4,
    "ucId": "UC-F-003",
    "title": "Comprehensive audit trail logging for all system transactions and user actions",
    "description": "Comprehensive audit trail logging for all system transactions and user actions",
    "type": "functional",
    "priority": "Medium",
    "status": "Draft",
    "updatedAt": "2025-06-24T14:39:38.930Z",
    "id": 9,
    "actor": null,
    "category": null
  },
  {
    "projectId": 4,
    "ucId": "UC-F-004",
    "title": "Integration API layer for connecting with upstream and downstream systems",
    "description": "Integration API layer for connecting with upstream and downstream systems",
    "type": "functional",
    "priority": "Medium",
    "status": "Draft",
    "updatedAt": "2025-06-24T14:39:38.938Z",
    "id": 10,
    "actor": null,
    "category": null
  },
  {
    "projectId": 4,
    "ucId": "UC-F-005",
    "title": "Automated data quality checks and exception handling workflows",
    "description": "Automated data quality checks and exception handling workflows",
    "type": "functional",
    "priority": "Medium",
    "status": "Draft",
    "updatedAt": "2025-06-24T14:39:38.939Z",
    "id": 11,
    "actor": null,
    "category": null
  },
  {
    "projectId": 4,
    "ucId": "UC-F-006",
    "title": "Role-based access control with granular permission management",
    "description": "Role-based access control with granular permission management",
    "type": "functional",
    "priority": "Medium",
    "status": "Draft",
    "updatedAt": "2025-06-24T14:39:38.943Z",
    "id": 12,
    "actor": null,
    "category": null
  },
  {
    "projectId": 4,
    "ucId": "UC-NF-001",
    "title": "System must process 10,000+ transactions per second with 99.9% uptime SLA",
    "description": "System must process 10,000+ transactions per second with 99.9% uptime SLA",
    "type": "non-functional",
    "priority": "High",
    "status": "Draft",
    "updatedAt": "2025-06-24T14:39:38.946Z",
    "id": 13,
    "actor": null,
    "category": null
  },
  {
    "projectId": 4,
    "ucId": "UC-NF-002",
    "title": "End-to-end encryption for data in transit and at rest using AES-256 standards",
    "description": "End-to-end encryption for data in transit and at rest using AES-256 standards",
    "type": "non-functional",
    "priority": "High",
    "status": "Draft",
    "updatedAt": "2025-06-24T14:39:38.949Z",
    "id": 14,
    "actor": null,
    "category": null
  },
  {
    "projectId": 4,
    "ucId": "UC-NF-003",
    "title": "Horizontal scalability to support peak trading volumes during market volatility",
    "description": "Horizontal scalability to support peak trading volumes during market volatility",
    "type": "non-functional",
    "priority": "High",
    "status": "Draft",
    "updatedAt": "2025-06-24T14:39:38.951Z",
    "id": 15,
    "actor": null,
    "category": null
  },
  {
    "projectId": 4,
    "ucId": "UC-NF-004",
    "title": "Complete audit trail retention for 7 years to meet regulatory requirements",
    "description": "Complete audit trail retention for 7 years to meet regulatory requirements",
    "type": "non-functional",
    "priority": "High",
    "status": "Draft",
    "updatedAt": "2025-06-24T14:39:38.954Z",
    "id": 16,
    "actor": null,
    "category": null
  }
]