[
  {
    "id": 1,
    "username": "gpraharaj",
    "password": "password123",
    "name": "Gobind Praharaj",
    "roles": [
      "business-analyst",
      "product-owner",
      "scrum-master",
      "architect",
      "ui-designer",
      "developer",
      "production-management",
      "devops",
      "approver"
    ],
    "currentRole": "business-analyst",
    "sealApplications": [
      "34678: Regulatory Reporting Workbench",
      "111015: Engineering Controls and Reg. reporting"
    ]
  },
  {
    "id": 2,
    "username": "approver",
    "password": "password123",
    "name": "Sarah Wilson",
    "roles": [
      "approver",
      "architect"
    ],
    "currentRole": "approver",
    "sealApplications": [
      "111015: Engineering Controls and Reg. reporting"
    ]
  }
]