{
  "users": [
    {
      "id": "user_ba_001",
      "email": "alice.chen@jpmc.com",
      "name": "Alice Chen",
      "title": "Senior Business Analyst",
      "avatar": "https://api.dicebear.com/7.x/avataaars/svg?seed=Alice",
      "devup": {
        "roles": ["business_analyst"],
        "groups": ["proj-smartsdlc-ba", "enterprise-analysts"],
        "entitlements": [
          "devup.ba.stories",
          "devup.ba.requirements",
          "devup.docs.confluence"
        ]
      }
    },
    {
      "id": "user_arch_001",
      "email": "bob.sharma@jpmc.com",
      "name": "Bob Sharma",
      "title": "Principal Architect",
      "avatar": "https://api.dicebear.com/7.x/avataaars/svg?seed=Bob",
      "devup": {
        "roles": ["architect", "technical_lead"],
        "groups": ["proj-smartsdlc-architects", "platform-arch-guild"],
        "entitlements": [
          "devup.arch.design",
          "devup.arch.review",
          "devup.platform.apigateway"
        ]
      }
    },
    {
      "id": "user_dev_001",
      "email": "carol.martinez@jpmc.com",
      "name": "Carol Martinez",
      "title": "Full Stack Developer",
      "avatar": "https://api.dicebear.com/7.x/avataaars/svg?seed=Carol",
      "devup": {
        "roles": ["developer"],
        "groups": ["proj-smartsdlc-dev", "frontend-guild"],
        "entitlements": [
          "devup.dev.code",
          "devup.dev.pr",
          "devup.github.repo"
        ]
      }
    },
    {
      "id": "user_qa_001",
      "email": "david.kim@jpmc.com",
      "name": "David Kim",
      "title": "QA Engineer / SDET",
      "avatar": "https://api.dicebear.com/7.x/avataaars/svg?seed=David",
      "devup": {
        "roles": ["qa", "sdet"],
        "groups": ["proj-smartsdlc-qa", "quality-engineering"],
        "entitlements": [
          "devup.qa.test",
          "devup.qa.automation",
          "devup.ci.jenkins"
        ]
      }
    },
    {
      "id": "user_devops_001",
      "email": "emily.patel@jpmc.com",
      "name": "Emily Patel",
      "title": "DevOps Engineer",
      "avatar": "https://api.dicebear.com/7.x/avataaars/svg?seed=Emily",
      "devup": {
        "roles": ["devops", "platform"],
        "groups": ["proj-smartsdlc-devops", "cloud-platform-team"],
        "entitlements": [
          "devup.devops.pipeline",
          "devup.devops.terraform",
          "devup.aws.admin"
        ]
      }
    },
    {
      "id": "user_po_001",
      "email": "frank.johnson@jpmc.com",
      "name": "Frank Johnson",
      "title": "Product Owner",
      "avatar": "https://api.dicebear.com/7.x/avataaars/svg?seed=Frank",
      "devup": {
        "roles": ["product_owner", "manager"],
        "groups": ["proj-smartsdlc-po", "product-management"],
        "entitlements": [
          "devup.po.backlog",
          "devup.po.roadmap",
          "devup.jira.admin"
        ]
      }
    },
    {
      "id": "user_sre_001",
      "email": "grace.wong@jpmc.com",
      "name": "Grace Wong",
      "title": "Site Reliability Engineer",
      "avatar": "https://api.dicebear.com/7.x/avataaars/svg?seed=Grace",
      "devup": {
        "roles": ["sre", "support"],
        "groups": ["proj-smartsdlc-sre", "incident-response"],
        "entitlements": [
          "devup.sre.runbook",
          "devup.sre.incident",
          "devup.monitoring.datadog"
        ]
      }
    },
    {
      "id": "user_sm_001",
      "email": "henry.taylor@jpmc.com",
      "name": "Henry Taylor",
      "title": "Scrum Master",
      "avatar": "https://api.dicebear.com/7.x/avataaars/svg?seed=Henry",
      "devup": {
        "roles": ["scrum_master", "agile_coach"],
        "groups": ["proj-smartsdlc-agile", "scrum-masters"],
        "entitlements": [
          "devup.scrum.sprint",
          "devup.scrum.retrospective",
          "devup.jira.board"
        ]
      }
    },
    {
      "id": "user_pm_001",
      "email": "iris.chen@jpmc.com",
      "name": "Iris Chen",
      "title": "Production Manager",
      "avatar": "https://api.dicebear.com/7.x/avataaars/svg?seed=Iris",
      "devup": {
        "roles": ["production_manager", "incident_manager"],
        "groups": ["proj-smartsdlc-production", "incident-management"],
        "entitlements": [
          "devup.production.incidents",
          "devup.production.monitoring",
          "devup.pagerduty.admin"
        ]
      }
    },
    {
      "id": "user_enduser_001",
      "email": "john.doe@jpmc.com",
      "name": "John Doe",
      "title": "End User",
      "avatar": "https://api.dicebear.com/7.x/avataaars/svg?seed=John",
      "devup": {
        "roles": ["end_user", "reporter"],
        "groups": ["proj-smartsdlc-users", "feedback-reporters"],
        "entitlements": [
          "devup.user.report",
          "devup.user.feedback",
          "devup.jira.create"
        ]
      }
    },
    {
      "id": "user_director_001",
      "email": "karen.williams@jpmc.com",
      "name": "Karen Williams",
      "title": "Engineering Director",
      "avatar": "https://api.dicebear.com/7.x/avataaars/svg?seed=Karen",
      "devup": {
        "roles": ["director", "executive"],
        "groups": ["proj-smartsdlc-leadership", "engineering-directors"],
        "entitlements": [
          "devup.director.dashboard",
          "devup.director.reports",
          "devup.analytics.view"
        ]
      }
    },
    {
      "id": "admin_001",
      "email": "admin@jpmc.com",
      "name": "System Admin",
      "title": "Platform Administrator",
      "avatar": "https://api.dicebear.com/7.x/avataaars/svg?seed=Admin",
      "devup": {
        "roles": ["admin", "architect", "developer"],
        "groups": ["admins", "platform-team"],
        "entitlements": [
          "devup.admin.*",
          "devup.override.role",
          "devup.*"
        ]
      }
    }
  ],
  "roleMapping": {
    "business_analyst": "Business Analyst",
    "architect": "Architect",
    "technical_lead": "Architect",
    "developer": "Developer",
    "qa": "QA",
    "sdet": "QA",
    "devops": "DevOps",
    "platform": "DevOps",
    "product_owner": "Product Owner",
    "manager": "Product Owner",
    "sre": "Support",
    "support": "Support",
    "scrum_master": "Scrum Master",
    "agile_coach": "Scrum Master",
    "production_manager": "Support",
    "incident_manager": "Support",
    "end_user": "Support",
    "reporter": "Support",
    "director": "Product Owner",
    "executive": "Product Owner",
    "admin": "Owner"
  }
}
